{"batch_size": 1962, "learning_rate": 5.701292010819994e-05, "layer_nodes": [624, 751, 390], "dropout_rate": 0.1299783496347874}