{"batch_size": 1024, "learning_rate": 1.9457260288494707e-05, "layer_nodes": [888, 454, 689], "dropout_rate_d": 0.009425566768648265}