{"batch_size": 1024, "learning_rate": 4.448632690552534e-05, "layer_nodes_generator": [562, 838, 834], "layer_nodes_discriminator": [676, 328, 353], "critics": 3, "dropout_rate": 0.006067257919288663}