{"batch_size": 2048, "learning_rate": 0.000429761748424162, "layer_nodes": [996, 868, 1403], "dropout_rate_d": 0.2435501067303644}